{
    "N2": 3.394000,
    "CO2": 7.387000,
    "H2S": 8.937000,
    "C1": 4.604000,
    "C2": 4.884000,
    "C3": 4.246000,
    "iC4": 3.648000,
    "nC4": 3.797000,
    "iC5": 3.389000,
    "nC5": 3.70000,
    "C6": 3.104
}